부산 사하구 다대동 1552-20,35.04792433,128.9655875
부산 사하구 다대동 1552-2,35.04936941,128.9700128
부산 사하구 다대동 1552-20,35.04792433,128.9655875
부산 사하구 다대로 지하 548,35.05753578,128.9711365
부산 사하구 다대로 지하 548,35.05753578,128.9711365
부산 사하구 다대로 지하 422,35.06522472,128.9796568
부산 사하구 다대동 40-1,35.06375537,128.9803662
부산 사하구 다대동 49,35.06529965,128.9796709
부산 사하구 다대로 지하 310,35.0747728,128.9766253
부산 사하구 장림동 369-3,35.07541725,128.9768678
부산 사하구 장림동 1064,35.08364681,128.9781606
부산 사하구 신산로 지하 168,35.08976123,128.9734472
부산 사하구 신산로 지하 168,35.08976123,128.9734472
부산 사하구 신산로 지하 168,35.08976123,128.9734472
부산 사하구 신평동 583,35.08824164,128.9776388
부산 사하구 신산로 지하 168,35.08976123,128.9734472
부산 사하구 신평동 646,35.09418276,128.9609405
부산 사하구 신평동 646,35.09418276,128.9609405
부산 사하구 하신중앙로 175,35.09412872,128.9620467
부산 사하구 하신번영로 140,35.09215932,128.9605896
부산 사하구 하단동 491,35.10959839,128.9662246
부산 사하구 하단동 491,35.10959839,128.9662246
부산 사하구 하단동 491,35.10959839,128.9662246
부산 사하구 하단동 491,35.10959839,128.9662246
부산 사하구 하단동 491,35.10959839,128.9662246
부산 사하구 하단동 491,35.10959839,128.9662246
부산 사하구 하단동 491,35.10959839,128.9662246
부산 사하구 하단동 491,35.10959839,128.9662246
부산 사하구 당리동 323,35.10280328,128.9759811
부산 사하구 하단동 622,35.10302605,128.9731824
부산 사하구 하단동 491,35.10959839,128.9662246
부산 사하구 괴정동 971-6,35.10008183,128.9930121
부산 사하구 괴정동 971-6,35.10008183,128.9930121
부산 사하구 괴정동 970-1,35.09988585,128.9931366
부산 서구 대티로 178,35.11135907,129.0115592
부산 서구 서대신동2가 226-2,35.11066128,129.0126017
부산 서구 동대신동2가 368-9,35.11126215,129.0173079
부산 서구 서대신동2가 120-8,35.11012902,129.0175349
부산 서구 서대신동1가 53,35.10985875,129.0175947
부산 서구 토성동3가 1,35.10179807,129.0199437
부산 서구 아미동1가 34,35.09876745,129.0190867
부산 서구 아미동1가 34,35.09876745,129.0190867
부산 중구 구덕로 지하 12,35.09787231,129.0345954
부산 중구 중앙동7가 20-1,35.09799514,129.0361033
부산 동구 초량동 45-60,35.1197519,129.0416132
부산 동구 초량동 1147-18,35.12033596,129.0421846
부산 동구 초량동 1164-9,35.12123953,129.043464
부산 부산진구 양정동 408,35.17180519,129.0703108
부산 동구 좌천동 206-4,35.13363692,129.053924
부산 부산진구 범천동 946-18,35.14428386,129.0592884
부산 부산진구 범천동 946-18,35.14428386,129.0592884
부산 부산진구 범천동 948-4,35.14835598,129.0623533
부산 부산진구 범천동 948-4,35.14835598,129.0623533
부산 부산진구 전포동 877,35.16238855,129.0629332
부산 부산진구 전포동 877,35.16238855,129.0629332
부산 부산진구 부전동 573-1,35.15774679,129.0600511
부산 부산진구 양정동 408,35.17180519,129.0703108
부산 부산진구 중앙대로 지하 930,35.17296689,129.0712217
부산 연제구 연산동 1515-15,35.18426058,129.0802182
부산 연제구 연산동 1515-16,35.18607343,129.0812829
부산 연제구 연산동 1515-16,35.18607343,129.0812829
부산 연제구 연산동 722-67,35.186581,129.0818307
부산 연제구 연산동 1143-1,35.18693285,129.0791124
부산 연제구 거제동 65-6,35.19436719,129.0795898
부산 연제구 중앙대로 1204,35.19467535,129.080279
부산 연제구 거제동 76-3,35.19528431,129.0794734
부산 연제구 거제동 70-5,35.19496756,129.0804536
부산 연제구 거제동 72-25,35.19582081,129.0799952
부산 연제구 거제동 72-4,35.19607791,129.0803888
부산 연제구 거제동 72-7,35.19608096,129.0802216
부산 동래구 온천동 1750-1,35.21357792,129.0801476
부산 동래구 온천동 157-1,35.21986457,129.085867
부산 동래구 온천동 1750-1,35.21357792,129.0801476
부산 금정구 장전동 242-2,35.23736686,129.0882013
부산 금정구 청룡동 47,35.27269637,129.0926652
부산 금정구 청룡동 47,35.27269637,129.0926652
부산 금정구 청룡동 17-5,35.27344481,129.0925642
부산 해운대구 해운대로 395,35.16862219,129.1397928
부산 해운대구 우동 1124-1,35.17007907,129.1376043
부산 해운대구 우동 1127-30,35.16859157,129.1383178
부산 해운대구 우동 1124-1,35.17007907,129.1376043
부산 해운대구 APEC로 55,35.16906372,129.1360183
부산 해운대구 좌동 1469,35.17093648,129.1747695
부산 해운대구 좌동 1491,35.1710803,129.1793502
부산 해운대구 중동 1771,35.16456063,129.1692647
부산 해운대구 중동 1783-1,35.16667492,129.1680804
부산 해운대구 중동 1783-1,35.16667492,129.1680804
부산 해운대구 중동 1783-1,35.16667492,129.1680804
부산 해운대구 중동 1783-1,35.16667492,129.1680804
부산 해운대구 중동 1783-1,35.16667492,129.1680804
부산 해운대구 중동 1783,35.16749781,129.17336
부산 해운대구 좌동 1490,35.16900597,129.1786642
부산 해운대구 우동 993-10,35.16110341,129.1479818
부산 해운대구 우동 993-10,35.16110341,129.1479818
부산 해운대구 우동 991-1,35.16165457,129.1479503
부산 해운대구 우동 993-10,35.16110341,129.1479818
부산 수영구 수영로 지하 769,35.16706583,129.1221011
부산 해운대구 우동 1124-1,35.17007907,129.1376043
부산 해운대구 우동 1524,35.16751936,129.1337732
부산 해운대구 우동 1524,35.16751936,129.1337732
부산 수영구 민락동 345-1,35.16671577,129.1227157
부산 수영구 광안동 779,35.15948242,129.1087171
부산 수영구 수영로 지하 576,35.15792092,129.1131727
부산 수영구 광안동 205,35.15832593,129.1168189
부산 수영구 광안동 779,35.15948242,129.1087171
부산 수영구 광안동 1091-1,35.16783002,129.1164313
부산 수영구 광안동 205,35.15832593,129.1168189
부산 수영구 수영로 지하 677,35.16589171,129.1148285
부산 동래구 온천동 1396-3,35.20841161,129.0697405
부산 수영구 광안동 205,35.15832593,129.1168189
부산 수영구 광안동 779,35.15948242,129.1087171
부산 수영구 광안동 1091-1,35.16783002,129.1164313
부산 수영구 광안동 205,35.15832593,129.1168189
부산 수영구 광안동 779,35.15948242,129.1087171
부산 수영구 수영로 지하 482,35.14974393,129.1109573
부산 수영구 수영로 지하 410,35.14215272,129.1079701
부산 남구 수영로208번길 15,35.13422879,129.0896189
부산 남구 수영로208번길 15,35.13422879,129.0896189
부산 남구 수영로208번길 15,35.13422879,129.0896189
부산 남구 수영로208번길 15,35.13422879,129.0896189
부산 남구 수영로208번길 15,35.13422879,129.0896189
부산 남구 수영로208번길 15,35.13422879,129.0896189
부산 남구 수영로208번길 15,35.13422879,129.0896189
부산 남구 수영로208번길 15,35.13422879,129.0896189
부산 남구 수영로208번길 15,35.13422879,129.0896189
부산 남구 수영로208번길 15,35.13422879,129.0896189
부산 남구 수영로208번길 15,35.13422879,129.0896189
부산 남구 수영로208번길 15,35.13422879,129.0896189
부산 남구 수영로208번길 15,35.13422879,129.0896189
부산 남구 문현동 251-15,35.13625168,129.0733052
부산 남구 문현동 254-2,35.13554583,129.074472
부산 남구 문현동 381-42,35.1392665,129.0675432
부산 남구 문현동 729-29,35.14574508,129.066475
부산 부산진구 전포동 352-1,35.15415818,129.0683631
부산 부산진구 가야동 231-3,35.15413529,129.0341454
부산 부산진구 가야동 18-1,35.15598369,129.0426147
부산 부산진구 가야동 251-5,35.15462432,129.0320647
부산 부산진구 가야동 256-6,35.15455302,129.0347334
부산 부산진구 가야동 18-1,35.15598369,129.0426147
부산 부산진구 가야동 256-6,35.15455302,129.0347334
부산 부산진구 가야동 221-3,35.1536084,129.032378
부산 부산진구 가야동 251-5,35.15462432,129.0320647
부산 부산진구 개금동 510-7,35.15342596,129.0217198
부산 부산진구 개금동 502-36,35.15335856,129.0199156
부산 사상구 주례동 1233-1,35.1517689,129.0123796
부산 사상구 주례동 187-6,35.1509701,129.0112726
부산 사상구 주례동 1233-1,35.1517689,129.0123796
부산 사상구 주례동 1164,35.15056598,129.0039516
부산 사상구 가야대로 지하 292,35.15050465,129.0031371
부산 사상구 사상로 지하 93-1,35.15553546,128.9912671
부산 사상구 사상로 지하 93-1,35.15553546,128.9912671
부산 사상구 사상로 지하 93-1,35.15553546,128.9912671
부산 사상구 괘법동 572-1,35.16031392,128.9761721
부산 사상구 괘법동 572-21,35.16333066,128.9781562
부산 사상구 덕포동 430,35.17443464,128.9856076
부산 사상구 덕포동 430,35.17443464,128.9856076
부산 사상구 덕포동 430,35.17443464,128.9856076
부산 사상구 사상로 지하 409,35.1803969,128.9855634
부산 북구 백양대로 1024,35.19703843,128.9953496
부산 북구 백양대로 지하 1094,35.2027471,128.9995029
부산 북구 덕천동 454,35.21175541,129.0064363
부산 북구 화명동 1637-16,35.24583,129.0128652
부산 북구 금곡동 1632-5,35.24668406,129.012782
부산 북구 금곡동 882-10,35.25856836,129.0125545
경남 양산시 물금읍 증산리 1818,35.30953509,129.0108142
경남 양산시 물금읍 범어리 2762-8,35.31712408,129.0128478
경남 양산시 물금읍 메기로 270,35.31688473,129.013941
경남 양산시 물금읍 메기로 380,35.32545396,129.0194214
경남 양산시 물금읍 범어리 2809,35.32725947,129.0194283
부산 수영구 연수로 지하 337,35.17152908,129.1083152
부산 연제구 연산동 1805-3,35.17336986,129.0961648
부산 연제구 연산동 1805-3,35.17336986,129.0961648
부산 연제구 연산동 1800-2,35.17344754,129.0949307
부산 연제구 연산동 1515-11,35.18016826,129.0842319
부산 연제구 연산동 684-14,35.17693565,129.0857901
부산 연제구 거제동 18-53,35.18834226,129.0751575
부산 연제구 거제동 18-53,35.18834226,129.0751575
부산 연제구 거제동 1190-12,35.18899769,129.0739569
부산 연제구 거제동 1191-2,35.19146351,129.0672671
부산 동래구 사직동 63-17,35.19936949,129.0650889
부산 동래구 온천동 1412-16,35.2049197,129.0679075
부산 북구 만덕대로 지하 291,35.21295684,129.0361508
부산 북구 만덕대로 지하 179,35.21333008,129.0241559
부산 북구 만덕대로 지하 79,35.21214634,129.0134688
부산 북구 구포동 247-5,35.20728235,128.9972412
부산 강서구 낙동북로 485,35.21121926,128.9819592
부산 강서구 대저1동 1536-2,35.21320809,128.9607842
부산 강서구 낙동북로 295,35.21336131,128.9610496
부산 동래구 온천동 1840,35.20712761,129.0674863
부산 동래구 온천동 1422-33,35.2068402,129.0692332
부산 동래구 낙민동 205-8,35.20029532,129.0902635
부산 동래구 낙민동 180-1,35.19980255,129.09185
부산 동래구 칠산동 360,35.20089928,129.0920675
부산 동래구 안락동 473,35.19980303,129.0975142
부산 동래구 안락동 425-109,35.19974743,129.0977269
부산 동래구 안락동 473,35.19980303,129.0975142
부산 동래구 안락동 473,35.19980303,129.0975142
부산 동래구 명안로85번길 52,35.20484466,129.1017858
부산 동래구 명장동 184,35.20465516,129.1071855
부산 동래구 명장동 57-36,35.20534639,129.1020002
부산 금정구 서동 208-38,35.21345429,129.1076112
부산 금정구 서동 241,35.21522798,129.1043868
부산 해운대구 반송로 550,35.21775933,129.1240167
부산 해운대구 석대동 574-14,35.21810471,129.1371462
부산 해운대구 반송동 산 16-12,35.23251767,129.153598
부산 해운대구 반송동 15-1,35.23265835,129.1541442
부산 해운대구 반송동 산 16-12,35.23251767,129.153598
부산 해운대구 반송동 15-1,35.23265835,129.1541442
부산 해운대구 반송동 15-1,35.23265835,129.1541442
부산 해운대구 반송동 20-83,35.2325223,129.1542745
부산 기장군 철마면 고촌리 522-8,35.23598058,129.1595567
부산 기장군 철마면 반송로 991,35.23597094,129.1604449
부산 기장군 철마면 고촌리 518-5,35.23609647,129.160374
부산 기장군 철마면 반송로 991,35.23597094,129.1604449
부산 기장군 철마면 고촌리 693,35.23682293,129.1701138
부산 기장군 철마면 고촌리 693,35.23682293,129.1701138
부산 기장군 철마면 안평리 543-56,35.23741035,129.1723243
